,City,Latitude,Temperature,Humidity,Cloudiness,Wind Speed
0,New Norfolk,-42.78,51.1,58,75,23.04
1,Same,-9.0,86.16,36,17,8.68
2,Boende,-0.28,71.08,91,100,1.95
3,Rio Claro,-22.41,66.2,88,22,12.75
4,Rikitea,-23.12,77.59,72,0,3.76
5,Nioro,13.79,81.93,25,14,6.22
6,Butaritari,3.07,84.61,74,68,10.22
7,Castro,-42.48,35.46,97,97,1.81
8,Dhidhdhoo,6.88,82.27,77,0,11.54
9,Shulan,44.41,27.91,32,0,13.73
10,Ushuaia,-54.81,33.8,98,90,32.21
11,Ucluelet,48.94,46.78,93,90,5.82
12,Mareeba,-16.99,87.44,48,0,12.75
13,Clyde River,70.47,26.6,92,90,12.75
14,Mataura,-46.19,66.67,69,100,2.68
15,Merauke,-8.49,96.73,39,75,2.42
16,Bartlesville,36.75,57.72,93,90,5.82
17,Hobart,-42.88,51.08,58,75,23.04
18,Tiksi,71.64,-12.39,99,89,3.53
19,Along,28.17,72.57,56,0,1.77
20,Port Hardy,50.7,48.2,87,90,2.66
21,Atuona,-9.8,80.31,77,100,17.25
22,Chokurdakh,70.62,10.81,96,99,4.07
23,Chernyshevskiy,63.01,1.11,90,100,5.23
24,Qandala,11.47,79.18,70,3,4.16
25,Sekoma,-24.51,73.09,21,100,6.17
26,Ushuaia,-54.81,33.8,98,90,32.21
27,Sibolga,1.74,85.12,53,91,2.53
28,Bluff,-23.58,88.39,19,0,3.22
29,Rocha,-34.48,57.34,81,45,6.6
30,Kimbe,-5.56,90.3,59,100,2.48
31,Punta Arenas,-53.16,37.22,68,75,33.33
32,Castro,-42.48,35.46,97,97,1.81
33,Coihaique,-45.58,44.6,56,75,9.17
34,Kruisfontein,-34.0,56.61,80,97,24.83
35,Rikitea,-23.12,77.59,72,0,3.76
36,Ouesso,1.61,69.22,97,100,1.25
37,Rugeley,52.76,42.93,100,100,10.29
38,Camapua,-19.53,73.06,86,100,2.26
39,Makakilo City,21.35,82.81,65,40,9.17
40,Bilibino,68.06,18.63,78,100,3.44
41,Ushuaia,-54.81,33.8,98,90,32.21
42,Qaanaaq,77.48,-0.01,57,14,6.51
43,Hasaki,35.73,65.01,63,20,10.29
44,Likhoslavl,57.12,30.0,95,100,6.17
45,Puerto Ayora,-0.74,69.01,92,5,4.0
46,Tasiilaq,65.61,24.8,68,100,5.82
47,Cape Town,-33.93,58.24,62,75,4.7
48,Rikitea,-23.12,77.59,72,0,3.76
49,San Cristobal,14.68,64.2,95,100,2.08
50,Carnarvon,-30.97,44.56,71,0,14.79
51,Lagunas,-5.23,74.26,95,76,4.25
52,Torbay,47.66,42.67,81,20,29.97
53,Zonguldak,41.25,50.97,63,82,5.73
54,Punta Arenas,-53.16,37.22,68,75,33.33
55,Iqaluit,63.75,6.42,71,20,8.05
56,Ushuaia,-54.81,33.8,98,90,32.21
57,Riosucio,5.42,71.6,88,40,11.41
58,Georgetown,6.8,79.47,83,40,9.17
59,Srednekolymsk,67.46,9.73,94,100,3.71
60,Bilibino,68.06,18.63,78,100,3.44
61,Bethel,60.79,34.39,90,90,12.75
62,Punta Arenas,-53.16,37.22,68,75,33.33
63,Sao Joao Da Barra,-21.64,72.5,87,100,11.03
64,Bluff,-23.58,88.39,19,0,3.22
65,Marzuq,14.4,59.23,37,0,1.57
66,Warwick,41.7,35.6,65,1,5.82
67,Rikitea,-23.12,77.59,72,0,3.76
68,Avarua,-21.21,77.0,78,10,9.17
69,Port Alberni,49.24,45.25,87,90,2.24
70,Mar Del Plata,-46.43,49.62,31,0,33.98
71,Rikitea,-23.12,77.59,72,0,3.76
72,Hermanus,-34.42,56.79,69,99,11.99
73,Zhuhai,40.71,35.6,55,0,6.71
74,Charleston,32.79,62.33,88,20,6.93
75,Narsaq,60.91,26.6,58,68,3.36
76,Kapaa,22.08,82.44,65,40,17.22
77,Lata,30.78,27.25,58,100,4.68
78,Hambantota,6.12,79.92,75,73,6.51
79,Norman Wells,65.28,10.4,78,75,5.82
80,La Orilla,18.0,77.49,90,26,2.39
81,Taksimo,56.36,3.47,89,100,1.16
82,Albany,42.65,32.49,59,90,3.36
83,Constantine,36.36,50.0,81,75,10.29
84,Atambua,-9.11,85.44,56,8,5.79
85,Pisco,-13.71,63.28,88,0,14.99
86,New Norfolk,-42.78,51.1,58,75,23.04
87,Ambon,47.55,46.81,87,20,9.17
88,Baykit,61.68,10.53,96,100,1.99
89,Jamestown,-33.21,65.84,41,28,16.15
90,Hobart,-42.88,51.08,58,75,23.04
91,Algiers,29.94,68.09,88,40,3.36
92,Muros,42.77,50.88,100,40,3.36
93,Kaitangata,-46.28,61.0,73,67,8.01
94,Uvira,-3.41,51.4,81,27,1.07
95,Jamestown,-33.21,65.84,41,28,16.15
96,Lavrentiya,65.58,27.28,80,4,14.29
97,Bonthe,7.53,78.35,87,0,4.07
98,Catalina,-13.57,63.28,88,0,14.99
99,Kamaishi,39.28,48.2,81,75,1.12
100,Ushuaia,-54.81,33.8,98,90,32.21
101,Avarua,-21.21,77.0,78,10,9.17
102,Onega,63.91,28.69,82,100,5.53
103,Puerto Ayora,-0.74,69.01,92,5,4.0
104,Hiriyur,13.94,75.34,70,32,0.07
105,Jamestown,-33.21,65.84,41,28,16.15
106,Faanui,-16.48,80.83,81,3,16.42
107,Yellowknife,62.45,7.92,92,20,4.7
108,Meulaboh,4.14,80.62,79,83,9.51
109,Hami,42.84,53.83,24,98,10.33
110,Pascagoula,30.37,66.51,100,1,3.71
111,Kodiak,39.95,36.57,64,90,23.04
112,Portland,43.66,31.37,44,1,5.82
113,Mar Del Plata,-46.43,49.62,31,0,33.98
114,Mataura,-46.19,66.67,69,100,2.68
115,Vaini,15.34,66.2,100,40,1.25
116,Atasu,48.68,27.66,67,90,12.75
117,Peniche,39.36,58.44,100,75,17.22
118,Rikitea,-23.12,77.59,72,0,3.76
119,Souillac,45.6,53.42,87,90,16.11
120,Arraial Do Cabo,-22.97,72.39,85,100,7.49
121,Hirara,24.8,77.94,83,75,8.05
122,Bethel,60.79,34.39,90,90,12.75
123,Cape Town,-33.93,58.24,62,75,4.7
124,Chokurdakh,70.62,10.81,96,99,4.07
125,Taltal,-25.41,53.85,80,0,1.05
126,Nantucket,41.28,39.92,70,1,5.82
127,Busselton,-33.64,70.95,34,0,4.12
128,Port Alfred,-33.59,62.01,88,100,5.01
129,Saint Anthony,43.97,40.03,39,1,6.93
130,Debre Tabor,11.86,55.42,75,14,3.02
131,Kahului,20.89,78.58,69,75,20.8
132,Kyrksaeterora,63.29,23.34,85,72,2.24
133,Qaanaaq,77.48,-0.01,57,14,6.51
134,Baykit,61.68,10.53,96,100,1.99
135,Hermanus,-34.42,56.79,69,99,11.99
136,Yellowknife,62.45,7.92,92,20,4.7
137,Ushuaia,-54.81,33.8,98,90,32.21
138,Carutapera,-1.2,81.1,81,10,12.24
139,Pangnirtung,66.15,20.61,70,97,8.99
140,Talnakh,69.49,14.0,85,75,15.66
141,Esperance,-33.86,60.8,67,90,12.75
142,Bluff,-23.58,88.39,19,0,3.22
143,Wattegama,7.35,79.81,70,90,2.44
144,Kodiak,39.95,36.57,64,90,23.04
145,Severo-Kurilsk,50.68,36.81,78,39,14.81
146,Provideniya,64.42,30.2,58,0,11.18
147,Mataura,-46.19,66.67,69,100,2.68
148,Hobart,-42.88,51.08,58,75,23.04
149,Havre-Saint-Pierre,50.23,26.6,49,1,21.92
150,Esperance,-33.86,60.8,67,90,12.75
151,Punta Arenas,-53.16,37.22,68,75,33.33
152,Abonnema,4.71,77.47,90,100,4.65
153,Coahuayana,18.62,73.35,84,26,3.15
154,Vaini,15.34,66.2,100,40,1.25
155,Atuona,-9.8,80.31,77,100,17.25
156,Tuktoyaktuk,69.44,23.0,92,90,6.93
157,Bluff,-23.58,88.39,19,0,3.22
158,Ushuaia,-54.81,33.8,98,90,32.21
159,Verkhnevilyuysk,63.45,-5.05,88,86,4.21
160,Saint George,39.45,53.6,93,20,1.03
161,Longyearbyen,78.22,12.2,72,20,3.36
162,Avarua,-21.21,77.0,78,10,9.17
163,Busselton,-33.64,70.95,34,0,4.12
164,Ewa Beach,21.32,82.81,55,75,12.75
165,Dingle,11.0,82.78,80,33,15.35
166,Punta Arenas,-53.16,37.22,68,75,33.33
167,Qaanaaq,77.48,-0.01,57,14,6.51
168,Mount Gambier,-37.83,57.2,87,90,20.8
169,Ulundi,-28.29,69.87,62,0,4.12
170,Butaritari,3.07,84.61,74,68,10.22
171,Lavrentiya,65.58,27.28,80,4,14.29
172,Guayaramerin,-10.82,74.98,93,100,1.16
173,Mahebourg,-20.41,73.71,83,75,9.17
174,Lagoa,37.14,59.0,87,20,5.82
175,Nikolskoye,59.7,24.46,73,100,11.18
176,Bethel,60.79,34.39,90,90,12.75
177,Ushuaia,-54.81,33.8,98,90,32.21
178,Clyde River,70.47,26.6,92,90,12.75
179,Albany,42.65,32.49,59,90,3.36
180,Yellowknife,62.45,7.92,92,20,4.7
181,Kodiak,39.95,36.57,64,90,23.04
182,Butaritari,3.07,84.61,74,68,10.22
183,Longyearbyen,78.22,12.2,72,20,3.36
184,Phaltan,17.99,75.67,72,5,2.24
185,San Isidro,10.02,70.29,68,75,14.99
186,Iwanai,42.97,35.58,97,100,3.2
187,Margate,-43.03,50.9,58,75,23.04
188,Tuktoyaktuk,69.44,23.0,92,90,6.93
189,Souillac,45.6,53.42,87,90,16.11
190,Busselton,-33.64,70.95,34,0,4.12
191,Lebu,8.96,53.6,66,20,3.36
192,Thompson,55.74,3.2,77,90,3.36
193,Ushuaia,-54.81,33.8,98,90,32.21
194,Punta Arenas,-53.16,37.22,68,75,33.33
195,Kudahuvadhoo,2.67,82.56,75,70,10.78
196,Bethel,60.79,34.39,90,90,12.75
197,Talnakh,69.49,14.0,85,75,15.66
198,Qaanaaq,77.48,-0.01,57,14,6.51
199,Hobart,-42.88,51.08,58,75,23.04
200,Mount Isa,-20.73,93.2,6,0,9.17
201,Thompson,55.74,3.2,77,90,3.36
202,Atuona,-9.8,80.31,77,100,17.25
203,Puerto Ayora,-0.74,69.01,92,5,4.0
204,Cape Town,-33.93,58.24,62,75,4.7
205,Luanda,-8.83,77.0,88,40,2.24
206,Cherskiy,68.75,27.84,74,100,10.94
207,Barguzin,53.62,30.52,85,100,11.25
208,Bambous Virieux,-20.34,73.71,83,75,9.17
209,Longyearbyen,78.22,12.2,72,20,3.36
210,Benemerito De Las Americas,16.52,70.88,97,6,1.5
211,Beian,63.66,24.46,68,40,6.93
212,Bathsheba,13.22,84.2,70,40,26.4
213,Bluff,-23.58,88.39,19,0,3.22
214,Qaanaaq,77.48,-0.01,57,14,6.51
215,Kaitangata,-46.28,61.0,73,67,8.01
216,Grand Gaube,-20.01,73.63,83,75,9.17
217,San Quintin,17.54,84.61,75,6,3.89
218,Rikitea,-23.12,77.59,72,0,3.76
219,Bambous Virieux,-20.34,73.71,83,75,9.17
220,Bambous Virieux,-20.34,73.71,83,75,9.17
221,Port Elizabeth,39.31,40.06,80,1,3.22
222,Butaritari,3.07,84.61,74,68,10.22
223,Provideniya,64.42,30.2,58,0,11.18
224,Punta Arenas,-53.16,37.22,68,75,33.33
225,Puerto Ayora,-0.74,69.01,92,5,4.0
226,Ushuaia,-54.81,33.8,98,90,32.21
227,Caravelas,-17.73,71.73,94,3,3.94
228,Rikitea,-23.12,77.59,72,0,3.76
229,Cape Town,-33.93,58.24,62,75,4.7
230,Dikson,73.51,-11.64,93,1,11.81
231,Valday,57.98,25.84,84,100,3.91
232,Puerto Ayora,-0.74,69.01,92,5,4.0
233,Sao Filipe,14.9,74.84,80,2,18.66
234,Qaanaaq,77.48,-0.01,57,14,6.51
235,Provideniya,64.42,30.2,58,0,11.18
236,East London,-33.02,65.8,79,100,15.05
237,Avarua,-21.21,77.0,78,10,9.17
238,Mataura,-46.19,66.67,69,100,2.68
239,Santa Cruz Do Rio Pardo,-22.91,64.13,82,48,12.84
240,Veinticinco De Mayo,-27.38,72.0,92,36,2.01
241,Norman Wells,65.28,10.4,78,75,5.82
242,Hermanus,-34.42,56.79,69,99,11.99
243,Castro,-42.48,35.46,97,97,1.81
244,Manono,-7.3,67.03,96,18,2.48
245,Arraial Do Cabo,-22.97,72.39,85,100,7.49
246,Hobart,-42.88,51.08,58,75,23.04
247,Vanimo,-2.67,82.54,69,98,3.24
248,Port Alfred,-33.59,62.01,88,100,5.01
249,Saskylakh,71.97,-22.58,97,0,5.93
250,Ribeira Grande,38.52,60.62,85,100,7.29
251,Ladario,40.7,49.53,97,87,5.99
252,Havre,48.55,-0.13,91,1,4.14
253,Busselton,-33.64,70.95,34,0,4.12
254,Hermanus,-34.42,56.79,69,99,11.99
255,Kalawit,7.91,81.12,80,95,9.48
256,Provideniya,64.42,30.2,58,0,11.18
257,Mackay,53.65,17.62,78,40,4.7
258,Novki,56.36,49.06,91,100,15.26
259,San Patricio,-26.98,71.02,94,69,4.76
260,Bluff,-23.58,88.39,19,0,3.22
261,Busselton,-33.64,70.95,34,0,4.12
262,Punta Arenas,-53.16,37.22,68,75,33.33
263,Luanda,-8.83,77.0,88,40,2.24
264,Thompson,55.74,3.2,77,90,3.36
265,Punta Arenas,-53.16,37.22,68,75,33.33
266,Busselton,-33.64,70.95,34,0,4.12
267,Salmas,38.2,35.6,33,0,6.93
268,Berezovyy,51.67,18.84,35,70,8.77
269,New Norfolk,-42.78,51.1,58,75,23.04
270,Punta Arenas,-53.16,37.22,68,75,33.33
271,Santa Cruz,-6.22,68.45,95,0,6.49
272,Tiksi,71.64,-12.39,99,89,3.53
273,Carnarvon,-30.97,44.56,71,0,14.79
274,Tiksi,71.64,-12.39,99,89,3.53
275,Hilo,19.71,73.83,66,1,6.93
276,Mataura,-46.19,66.67,69,100,2.68
277,Viedma,-40.81,63.18,47,99,19.69
278,Mamallapuram,12.63,79.57,94,20,2.24
279,Punta Arenas,-53.16,37.22,68,75,33.33
280,Ylojarvi,61.56,12.2,92,100,4.7
281,Hermanus,-34.42,56.79,69,99,11.99
282,Punta Arenas,-53.16,37.22,68,75,33.33
283,Hermanus,-34.42,56.79,69,99,11.99
284,Kailua,21.39,83.12,69,40,13.87
285,Progreso,-34.68,67.55,59,74,4.7
286,Bredasdorp,-34.53,57.29,54,23,17.22
287,Port Blair,11.67,82.6,82,100,17.52
288,Barrow,-38.31,61.7,39,20,10.11
289,Yellowknife,62.45,7.92,92,20,4.7
290,Vaini,15.34,66.2,100,40,1.25
291,Thompson,55.74,3.2,77,90,3.36
292,Albany,42.65,32.49,59,90,3.36
293,Misratah,32.38,72.07,84,56,26.8
294,Kiama,-34.67,73.45,23,0,28.86
295,Gambela,8.25,71.51,79,94,4.12
296,Camacha,33.08,67.23,68,75,12.75
297,Mirnyy,56.57,33.03,92,100,8.43
298,Khatanga,71.98,-8.2,81,47,9.13
299,Port Alfred,-33.59,62.01,88,100,5.01
300,Dickinson,46.88,6.8,71,1,3.36
301,Chapais,49.78,19.4,85,90,9.17
302,Ambulu,-8.35,78.66,75,0,7.36
303,Jamestown,-33.21,65.84,41,28,16.15
304,Ouahigouya,13.58,82.63,23,5,6.08
305,Shaki,39.56,32.0,39,0,6.93
306,Rikitea,-23.12,77.59,72,0,3.76
307,Waingapu,-9.65,82.4,68,0,1.25
308,Severo-Yeniseyskiy,60.37,22.95,93,100,5.28
309,Pansemal,21.66,79.7,67,0,6.78
310,Mar Del Plata,-46.43,49.62,31,0,33.98
311,Leningradskiy,69.38,18.12,87,64,17.13
312,Lavrentiya,65.58,27.28,80,4,14.29
313,Hilo,19.71,73.83,66,1,6.93
314,Mar Del Plata,-46.43,49.62,31,0,33.98
315,Port Hardy,50.7,48.2,87,90,2.66
316,Vila Franca Do Campo,37.72,62.6,77,75,2.24
317,Krasnyy,53.81,55.99,52,100,7.0
318,Coquimbo,-29.95,55.4,87,0,2.24
319,Idah,7.11,73.58,95,12,3.6
320,Jamestown,-33.21,65.84,41,28,16.15
321,Hilo,19.71,73.83,66,1,6.93
322,Brownsville,25.91,77.0,78,90,9.17
323,Namibe,-15.19,73.87,80,75,11.01
324,Kaitangata,-46.28,61.0,73,67,8.01
325,Srednekolymsk,67.46,9.73,94,100,3.71
326,Bilibino,68.06,18.63,78,100,3.44
327,Rikitea,-23.12,77.59,72,0,3.76
328,Hermanus,-34.42,56.79,69,99,11.99
329,Yellowknife,62.45,7.92,92,20,4.7
330,Hermanus,-34.42,56.79,69,99,11.99
331,Norman Wells,65.28,10.4,78,75,5.82
332,Labelle,26.76,77.61,83,20,6.93
333,Port Alfred,-33.59,62.01,88,100,5.01
334,Avarua,-21.21,77.0,78,10,9.17
335,Singaraja,-8.11,82.4,65,0,4.68
336,Bonthe,7.53,78.35,87,0,4.07
337,Maskinonge,46.23,31.96,74,90,3.36
338,Nikolskoye,59.7,24.46,73,100,11.18
339,Tiksi,71.64,-12.39,99,89,3.53
340,Horsham,-36.71,58.33,61,100,16.55
341,Bluff,-23.58,88.39,19,0,3.22
342,Sacramento,38.58,65.07,37,20,3.71
343,Mataura,-46.19,66.67,69,100,2.68
344,Lorengau,-2.02,84.29,67,88,8.66
345,Mataura,-46.19,66.67,69,100,2.68
346,Khatanga,71.98,-8.2,81,47,9.13
347,Bluff,-23.58,88.39,19,0,3.22
348,Longyearbyen,78.22,12.2,72,20,3.36
349,Vila,45.18,44.46,100,75,1.12
350,Thompson,55.74,3.2,77,90,3.36
351,Noumea,-22.28,80.31,44,0,11.41
352,Rio Brilhante,-21.8,73.67,94,100,4.47
353,Imbituba,-28.24,69.8,77,75,4.7
354,Fortuna,40.6,48.67,100,90,3.36
355,Hermanus,-34.42,56.79,69,99,11.99
356,Dublin,53.35,41.27,93,75,14.99
357,Saint-Philippe,45.36,38.05,55,90,9.17
358,Pringsewu,-5.36,85.5,53,3,5.79
359,Rikitea,-23.12,77.59,72,0,3.76
360,Vostok,46.45,14.77,72,100,11.25
361,Sa Kaeo,13.8,83.3,65,100,1.72
362,Katsuura,33.93,59.99,62,75,4.7
363,Upernavik,72.79,24.15,93,100,3.69
364,Rikitea,-23.12,77.59,72,0,3.76
365,Arlit,18.74,81.36,15,0,10.65
366,Norman Wells,65.28,10.4,78,75,5.82
367,Chara,39.42,53.6,93,20,1.03
368,Saint George,39.45,53.6,93,20,1.03
369,Pangkalanbuun,-2.68,91.8,46,100,4.29
370,Bredasdorp,-34.53,57.29,54,23,17.22
371,Andijon,40.76,31.32,80,0,6.71
372,Hobart,-42.88,51.08,58,75,23.04
373,Kapaa,22.08,82.44,65,40,17.22
374,Jamestown,-33.21,65.84,41,28,16.15
375,Rikitea,-23.12,77.59,72,0,3.76
376,Bluff,-23.58,88.39,19,0,3.22
377,Husavik,50.56,12.13,73,5,7.87
378,Mataura,-46.19,66.67,69,100,2.68
379,Ushuaia,-54.81,33.8,98,90,32.21
380,Busselton,-33.64,70.95,34,0,4.12
381,Necochea,-38.55,70.0,65,16,3.0
382,Ribeira Grande,38.52,60.62,85,100,7.29
383,Ushuaia,-54.81,33.8,98,90,32.21
384,Horasan,40.04,33.55,45,0,0.92
385,Bourail,-21.57,77.27,45,0,11.9
386,Busselton,-33.64,70.95,34,0,4.12
387,Majene,-3.54,86.41,56,19,5.01
388,Vaini,15.34,66.2,100,40,1.25
389,Olga,34.11,62.13,68,1,4.7
390,Hobart,-42.88,51.08,58,75,23.04
391,Nikolskoye,59.7,24.46,73,100,11.18
392,Iskateley,67.68,10.02,95,9,4.36
393,Sesheke,-17.47,73.4,38,42,2.24
394,Tiksi,71.64,-12.39,99,89,3.53
395,Bredasdorp,-34.53,57.29,54,23,17.22
396,Mugur-Aksy,50.38,19.94,83,86,3.94
397,Busselton,-33.64,70.95,34,0,4.12
398,Virginia Beach,36.85,44.46,93,1,10.0
399,Kahului,20.89,78.58,69,75,20.8
400,Vostok,46.45,14.77,72,100,11.25
401,Saint-Philippe,45.36,38.05,55,90,9.17
402,Berlevag,70.86,23.0,92,75,2.24
403,Sarakhs,36.54,38.7,19,0,3.51
404,Rikitea,-23.12,77.59,72,0,3.76
405,Ushuaia,-54.81,33.8,98,90,32.21
406,Punta Arenas,-53.16,37.22,68,75,33.33
407,Lovozero,68.01,10.31,99,86,2.17
408,Gualaquiza,-3.4,61.83,98,55,1.39
409,Torbay,47.66,42.67,81,20,29.97
410,Barrow,-38.31,61.7,39,20,10.11
411,Busselton,-33.64,70.95,34,0,4.12
412,Thinadhoo,0.53,82.38,74,24,10.87
413,Biratnagar,26.46,74.55,59,9,4.25
414,Busselton,-33.64,70.95,34,0,4.12
415,Berlevag,70.86,23.0,92,75,2.24
416,San Quintin,17.54,84.61,75,6,3.89
417,Vaini,15.34,66.2,100,40,1.25
418,Talnakh,69.49,14.0,85,75,15.66
419,Coquimbo,-29.95,55.4,87,0,2.24
420,Lebu,8.96,53.6,66,20,3.36
421,Jamestown,-33.21,65.84,41,28,16.15
422,Dikson,73.51,-11.64,93,1,11.81
423,Norman Wells,65.28,10.4,78,75,5.82
424,Rikitea,-23.12,77.59,72,0,3.76
425,North Bend,43.41,45.05,100,1,8.05
426,Bredasdorp,-34.53,57.29,54,23,17.22
427,Kapaa,22.08,82.44,65,40,17.22
428,Zarechnyy,60.99,14.95,94,91,6.44
429,Kloulklubed,7.04,82.4,83,90,13.87
430,Mahebourg,-20.41,73.71,83,75,9.17
431,Ust-Omchug,61.13,11.07,94,100,10.04
432,Hofn,64.25,36.82,78,100,12.44
433,Victoria,5.28,84.09,74,75,3.36
434,Cidreira,-30.17,67.59,77,31,25.19
435,Apodi,-5.66,74.5,72,0,10.85
436,Puerto Ayora,-0.74,69.01,92,5,4.0
437,Ust-Kulom,61.69,12.02,96,100,4.85
438,Puerto Ayora,-0.74,69.01,92,5,4.0
439,Palu,-0.9,84.56,55,36,2.86
440,Hithadhoo,-0.6,82.45,68,100,6.02
441,Punta Arenas,-53.16,37.22,68,75,33.33
442,Riacho De Santana,-13.61,77.58,38,0,8.97
443,Deputatskiy,69.3,-0.98,96,96,4.92
444,Mahebourg,-20.41,73.71,83,75,9.17
445,Presidencia Roque Saenz Pena,-26.79,71.04,95,99,2.89
446,Babstovo,48.12,17.98,37,89,15.86
447,Iqaluit,63.75,6.42,71,20,8.05
448,Hermanus,-34.42,56.79,69,99,11.99
449,Avarua,-21.21,77.0,78,10,9.17
450,Belmonte,40.36,51.28,99,87,18.01
451,Maldonado,-34.91,64.4,68,98,11.48
452,Airai,-8.93,86.16,36,17,8.68
453,Dikson,73.51,-11.64,93,1,11.81
454,Rancho Palos Verdes,33.75,61.56,82,40,5.82
455,Hamilton,43.26,37.96,93,90,4.7
456,Yima,34.75,60.89,49,88,6.17
457,Butaritari,3.07,84.61,74,68,10.22
458,Guerrero Negro,27.97,64.24,86,100,10.36
459,Huayang,23.62,72.03,44,36,10.4
460,Butaritari,3.07,84.61,74,68,10.22
461,Ahipara,-35.17,66.92,76,24,13.42
462,Leningradskiy,69.38,18.12,87,64,17.13
463,Hobart,-42.88,51.08,58,75,23.04
464,Dikson,73.51,-11.64,93,1,11.81
465,Ushuaia,-54.81,33.8,98,90,32.21
466,Ushuaia,-54.81,33.8,98,90,32.21
467,Poum,41.28,50.99,93,100,5.28
468,Yakima,46.6,43.93,80,1,0.49
469,Bontang,0.12,85.06,68,100,8.37
470,Hamilton,43.26,37.96,93,90,4.7
471,Puerto Ayora,-0.74,69.01,92,5,4.0
472,Sabang,13.8,81.0,88,88,5.01
473,Omboue,-1.57,73.78,97,91,1.81
474,Mount Isa,-20.73,93.2,6,0,9.17
475,Rikitea,-23.12,77.59,72,0,3.76
476,Bredasdorp,-34.53,57.29,54,23,17.22
477,Airai,-8.93,86.16,36,17,8.68
478,Caravelas,-17.73,71.73,94,3,3.94
479,Kungurtug,50.6,32.22,59,1,0.27
480,Dicabisagan,17.08,81.52,80,28,4.38
481,Vardo,39.62,42.6,71,1,3.36
482,Atuona,-9.8,80.31,77,100,17.25
483,Bredasdorp,-34.53,57.29,54,23,17.22
484,Hermanus,-34.42,56.79,69,99,11.99
485,Bilibino,68.06,18.63,78,100,3.44
486,Alofi,-19.06,80.6,61,14,3.36
487,Pisco,-13.71,63.28,88,0,14.99
488,Khatanga,71.98,-8.2,81,47,9.13
489,Chancay,-11.56,62.6,88,90,8.05
490,Manzanillo,19.05,84.2,66,20,6.93
491,Nikolskoye,59.7,24.46,73,100,11.18
492,Meulaboh,4.14,80.62,79,83,9.51
493,Port Lincoln,-34.72,61.92,63,100,21.25
494,Hamilton,43.26,37.96,93,90,4.7
495,Ribeira Grande,38.52,60.62,85,100,7.29
496,Rikitea,-23.12,77.59,72,0,3.76
497,Nishihara,35.74,67.1,72,20,5.82
498,Albany,42.65,32.49,59,90,3.36
499,Jamestown,-33.21,65.84,41,28,16.15
500,Akureyri,65.68,14.0,92,0,2.24
501,Tuktoyaktuk,69.44,23.0,92,90,6.93
502,Lebu,8.96,53.6,66,20,3.36
503,San Patricio,-26.98,71.02,94,69,4.76
504,Klyuchi,52.25,32.13,62,0,13.85
505,Georgetown,6.8,79.47,83,40,9.17
506,Shingu,33.72,68.0,56,40,4.7
507,Ahuimanu,21.44,82.83,69,40,13.87
508,Dukat,40.25,68.94,80,100,25.39
509,Goya,-29.14,66.87,74,1,8.08
510,Jamestown,-33.21,65.84,41,28,16.15
511,Ambilobe,-13.19,79.0,65,100,7.96
512,Ushuaia,-54.81,33.8,98,90,32.21
513,Airai,-8.93,86.16,36,17,8.68
514,Ponta Do Sol,-20.63,68.22,95,97,5.35
515,Lakhdenpokhya,61.52,28.99,89,100,5.99
516,Kruisfontein,-34.0,56.61,80,97,24.83
517,Vaini,15.34,66.2,100,40,1.25
518,Kapaa,22.08,82.44,65,40,17.22
519,Kasongo-Lunda,-6.48,65.25,94,32,1.14
520,Jamestown,-33.21,65.84,41,28,16.15
521,Cherskiy,68.75,27.84,74,100,10.94
522,Barrow,-38.31,61.7,39,20,10.11
523,Zhigansk,66.77,-17.06,95,69,12.71
524,Rikitea,-23.12,77.59,72,0,3.76
525,Kloulklubed,7.04,82.4,83,90,13.87
526,Cidreira,-30.17,67.59,77,31,25.19
527,Kapaa,22.08,82.44,65,40,17.22
528,Holly Springs,35.65,48.07,93,1,5.23
529,Busselton,-33.64,70.95,34,0,4.12
530,Bluff,-23.58,88.39,19,0,3.22
531,Airai,-8.93,86.16,36,17,8.68
532,Kayanza,-2.93,57.0,84,22,3.74
533,Cervo,-22.19,61.63,98,54,1.88
534,Umbuzeiro,-7.7,71.6,88,40,9.17
535,Cidreira,-30.17,67.59,77,31,25.19
536,Ushuaia,-54.81,33.8,98,90,32.21
537,Vung Tau,10.35,81.84,79,100,4.38
538,Boston,42.36,35.2,74,1,3.36
539,Kapaa,22.08,82.44,65,40,17.22
540,New Norfolk,-42.78,51.1,58,75,23.04
541,Busselton,-33.64,70.95,34,0,4.12
542,Tarauaca,-8.16,73.09,99,91,2.71
543,East London,-33.02,65.8,79,100,15.05
544,Norman Wells,65.28,10.4,78,75,5.82
545,Barabai,-2.59,93.27,41,100,2.08
546,Ushuaia,-54.81,33.8,98,90,32.21
547,Rikitea,-23.12,77.59,72,0,3.76
548,Lebu,8.96,53.6,66,20,3.36
549,Cherskiy,68.75,27.84,74,100,10.94
550,Longyearbyen,78.22,12.2,72,20,3.36
551,Tuktoyaktuk,69.44,23.0,92,90,6.93
552,Lebu,8.96,53.6,66,20,3.36
553,Billings,45.79,18.21,79,40,5.82
554,Cape Town,-33.93,58.24,62,75,4.7
555,Butaritari,3.07,84.61,74,68,10.22
556,Faanui,-16.48,80.83,81,3,16.42
557,Katobu,-4.94,97.32,33,30,4.12
558,Vestmanna,62.16,35.6,75,96,9.17
559,Puerto Ayora,-0.74,69.01,92,5,4.0
560,Te Anau,-45.41,56.03,70,80,6.17
561,Citta Di Castello,43.47,48.24,93,26,5.82
562,Tortoli,39.93,55.22,50,5,16.11
563,Albany,42.65,32.49,59,90,3.36
564,Narsaq,60.91,26.6,58,68,3.36
565,Tuatapere,-46.13,66.04,36,100,6.96
566,Hermanus,-34.42,56.79,69,99,11.99
567,Yellowknife,62.45,7.92,92,20,4.7
568,Svetlaya,46.54,30.4,37,0,14.07
569,New Norfolk,-42.78,51.1,58,75,23.04
570,Sarkand,45.41,26.24,84,100,1.16
571,Hithadhoo,-0.6,82.45,68,100,6.02
572,Puerto Ayora,-0.74,69.01,92,5,4.0
573,Busselton,-33.64,70.95,34,0,4.12
574,Cape Town,-33.93,58.24,62,75,4.7
575,Severo-Kurilsk,50.68,36.81,78,39,14.81
576,Ushuaia,-54.81,33.8,98,90,32.21
577,Kabale,-1.26,54.27,88,31,2.71
578,Port Hedland,-20.31,100.4,15,0,8.05
579,Bambous Virieux,-20.34,73.71,83,75,9.17
580,Butaritari,3.07,84.61,74,68,10.22
581,Rikitea,-23.12,77.59,72,0,3.76
582,Nikolskoye,59.7,24.46,73,100,11.18
583,Hobart,-42.88,51.08,58,75,23.04
584,Dikson,73.51,-11.64,93,1,11.81
585,Castro,-42.48,35.46,97,97,1.81
586,Ushuaia,-54.81,33.8,98,90,32.21
587,Milkovo,41.53,55.08,93,0,8.05
588,Khatanga,71.98,-8.2,81,47,9.13
589,San Felipe,-32.75,54.05,23,0,7.36
590,Busselton,-33.64,70.95,34,0,4.12
591,Ushuaia,-54.81,33.8,98,90,32.21
592,Bjornevatn,69.67,15.8,92,75,2.24
593,Lebu,8.96,53.6,66,20,3.36
594,Punta Arenas,-53.16,37.22,68,75,33.33
595,Vestmannaeyjar,63.44,39.42,84,100,14.2
596,Puerto Ayora,-0.74,69.01,92,5,4.0
597,Hobart,-42.88,51.08,58,75,23.04
598,Knysna,-34.04,57.2,71,100,10.29
599,New Norfolk,-42.78,51.1,58,75,23.04
600,Butaritari,3.07,84.61,74,68,10.22
601,Bay Roberts,47.58,42.67,81,20,29.97
602,Rikitea,-23.12,77.59,72,0,3.76
603,Fougamou,-1.22,72.75,98,100,1.63
604,Longyearbyen,78.22,12.2,72,20,3.36
605,Mataura,-46.19,66.67,69,100,2.68
606,Port Elizabeth,39.31,40.06,80,1,3.22
607,Alyangula,-13.85,91.4,49,75,6.93
608,Ushuaia,-54.81,33.8,98,90,32.21
609,Ilulissat,69.22,26.6,58,97,1.12
610,Beringovskiy,63.05,30.06,87,96,13.71
611,Kaitangata,-46.28,61.0,73,67,8.01
612,Barreiras,-12.14,74.84,53,0,3.09
613,Severo-Kurilsk,50.68,36.81,78,39,14.81
614,Cape Town,-33.93,58.24,62,75,4.7
615,Kapaa,22.08,82.44,65,40,17.22
616,Cape Town,-33.93,58.24,62,75,4.7
617,Torbay,47.66,42.67,81,20,29.97
618,Bredasdorp,-34.53,57.29,54,23,17.22
619,Punta Arenas,-53.16,37.22,68,75,33.33
620,Albany,42.65,32.49,59,90,3.36
621,Albany,42.65,32.49,59,90,3.36
622,Xiangxiang,27.73,68.0,49,5,8.7
623,Ferrol,43.48,51.76,71,75,11.41
624,Butaritari,3.07,84.61,74,68,10.22
625,Kloulklubed,7.04,82.4,83,90,13.87
626,Port Hardy,50.7,48.2,87,90,2.66
627,Hermanus,-34.42,56.79,69,99,11.99
628,Hillsboro,39.16,45.59,93,90,1.95
629,Sorong,-0.86,83.28,79,100,4.32
630,Dingle,11.0,82.78,80,33,15.35
631,Hilo,19.71,73.83,66,1,6.93
632,Gigmoto,13.78,84.74,71,36,11.07
633,Bluff,-23.58,88.39,19,0,3.22
634,Mangrol,25.33,72.5,64,99,3.11
635,Rikitea,-23.12,77.59,72,0,3.76
636,Tuktoyaktuk,69.44,23.0,92,90,6.93
637,Kautokeino,69.01,1.45,99,33,1.5
638,Hilo,19.71,73.83,66,1,6.93
639,Hermanus,-34.42,56.79,69,99,11.99
640,Bluff,-23.58,88.39,19,0,3.22
641,Punta Arenas,-53.16,37.22,68,75,33.33
642,Atuona,-9.8,80.31,77,100,17.25
643,Kifri,34.69,63.05,31,0,4.18
644,San Patricio,-26.98,71.02,94,69,4.76
645,Lorengau,-2.02,84.29,67,88,8.66
646,Hobart,-42.88,51.08,58,75,23.04
647,Provideniya,64.42,30.2,58,0,11.18
648,Dikson,73.51,-11.64,93,1,11.81
649,Busselton,-33.64,70.95,34,0,4.12
650,Qaanaaq,77.48,-0.01,57,14,6.51
651,Puerto Ayora,-0.74,69.01,92,5,4.0
652,New Norfolk,-42.78,51.1,58,75,23.04
653,La Ronge,55.1,15.8,61,90,8.05
654,Pevek,69.7,25.52,74,57,8.39
655,Rikitea,-23.12,77.59,72,0,3.76
656,Hilo,19.71,73.83,66,1,6.93
657,Pospelikha,51.99,33.15,63,1,16.67
658,Ambovombe,-25.18,72.25,78,0,7.14
659,Baoro,5.69,66.2,76,87,0.92
660,Cabo San Lucas,22.89,79.03,74,75,4.7
661,Rikitea,-23.12,77.59,72,0,3.76
662,Kruisfontein,-34.0,56.61,80,97,24.83
663,Albany,42.65,32.49,59,90,3.36
664,Ribeira Grande,38.52,60.62,85,100,7.29
665,Port Lincoln,-34.72,61.92,63,100,21.25
666,Barrow,-38.31,61.7,39,20,10.11
667,Castro,-42.48,35.46,97,97,1.81
668,Chuy,-33.69,59.4,74,97,6.98
669,Tiksi,71.64,-12.39,99,89,3.53
670,Rikitea,-23.12,77.59,72,0,3.76
671,Vaini,15.34,66.2,100,40,1.25
672,Nikolskoye,59.7,24.46,73,100,11.18
673,Hilo,19.71,73.83,66,1,6.93
674,Puerto Ayora,-0.74,69.01,92,5,4.0
675,Cayenne,4.94,78.8,94,91,2.24
676,Waipawa,-39.94,77.0,58,68,5.01
677,Kahului,20.89,78.58,69,75,20.8
678,Khash,28.22,46.98,21,0,3.29
679,Puerto Ayora,-0.74,69.01,92,5,4.0
680,Rikitea,-23.12,77.59,72,0,3.76
681,Portree,57.41,39.9,85,100,3.0
682,Qasigiannguit,68.82,26.6,58,97,1.12
683,Bongor,10.28,75.92,28,0,2.28
684,Tikamgarh,24.74,73.72,45,57,6.53
685,Ushuaia,-54.81,33.8,98,90,32.21
686,Diego De Almagro,-26.39,57.83,35,0,2.51
687,Cidreira,-30.17,67.59,77,31,25.19
688,Zeya,53.74,7.97,66,0,4.92
689,Ushuaia,-54.81,33.8,98,90,32.21
690,Sao Pedro Do Sul,-29.62,68.0,72,3,11.41
691,Tete,-16.16,82.4,58,14,6.93
692,Puerto Ayora,-0.74,69.01,92,5,4.0
693,Obregon,11.96,80.6,78,40,9.17
694,Rikitea,-23.12,77.59,72,0,3.76
695,Vanimo,-2.67,82.54,69,98,3.24
696,Marquette,46.54,22.01,73,5,5.82
697,Laguna,16.17,77.0,94,20,2.01
698,Hermanus,-34.42,56.79,69,99,11.99
699,Timizart,36.8,62.67,66,1,14.5
700,Saint Anthony,43.97,40.03,39,1,6.93
701,Tamandare,-8.28,73.13,99,97,4.36
702,Cape Town,-33.93,58.24,62,75,4.7
703,Mataura,-46.19,66.67,69,100,2.68
704,Lahad Datu,5.02,83.34,71,85,5.93
705,Toora-Khem,52.47,29.19,80,25,1.86
706,Vao,59.1,27.77,88,96,8.08
707,Klaksvik,62.23,35.6,68,100,9.17
708,Kapaa,22.08,82.44,65,40,17.22
709,Husavik,50.56,12.13,73,5,7.87
710,Rikitea,-23.12,77.59,72,0,3.76
711,Mataura,-46.19,66.67,69,100,2.68
712,Busselton,-33.64,70.95,34,0,4.12
713,Atuona,-9.8,80.31,77,100,17.25
714,Kropotkin,45.43,54.03,59,1,6.13
715,Castro,-42.48,35.46,97,97,1.81
716,Butaritari,3.07,84.61,74,68,10.22
717,Mahibadhoo,3.78,82.35,77,67,10.02
718,Lavrentiya,65.58,27.28,80,4,14.29
719,Ushuaia,-54.81,33.8,98,90,32.21
720,Jamestown,-33.21,65.84,41,28,16.15
721,Sao Filipe,14.9,74.84,80,2,18.66
722,Borovskoy,53.8,33.85,70,100,14.34
723,Ushuaia,-54.81,33.8,98,90,32.21
724,Rikitea,-23.12,77.59,72,0,3.76
725,Pathein,16.78,82.2,77,100,10.94
726,Hilo,19.71,73.83,66,1,6.93
727,Mataura,-46.19,66.67,69,100,2.68
728,Rikitea,-23.12,77.59,72,0,3.76
729,Busselton,-33.64,70.95,34,0,4.12
730,Santa Marinella,42.04,53.69,67,0,10.29
731,Ilhabela,-23.78,72.07,77,93,13.29
732,Esperance,-33.86,60.8,67,90,12.75
733,Spearfish,44.49,13.28,85,90,2.1
734,Tobermory,45.25,28.0,88,100,18.07
735,Melton,-37.68,58.5,63,75,33.33
736,Busselton,-33.64,70.95,34,0,4.12
737,Busselton,-33.64,70.95,34,0,4.12
738,Ridgetown,42.44,41.4,70,90,12.75
739,Mataura,-46.19,66.67,69,100,2.68
740,Butaritari,3.07,84.61,74,68,10.22
741,Bangsund,64.4,30.0,73,84,1.01
742,Sorland,67.67,34.25,58,0,9.26
743,Ushuaia,-54.81,33.8,98,90,32.21
744,Vaini,15.34,66.2,100,40,1.25
745,Busselton,-33.64,70.95,34,0,4.12
746,Ostersund,63.18,24.22,92,100,8.05
747,Kushima,31.5,62.46,63,75,5.82
748,Rikitea,-23.12,77.59,72,0,3.76
749,Tshikapa,-6.42,68.77,98,100,0.11
750,Saldanha,41.42,45.28,81,25,13.69
751,Mayo,63.59,3.2,84,90,3.36
752,Ushuaia,-54.81,33.8,98,90,32.21
753,Honningsvag,70.98,31.95,71,31,6.24
754,Mount Isa,-20.73,93.2,6,0,9.17
755,Mount Hagen,-5.86,64.2,71,100,5.21
756,Komsomolskiy,67.55,5.25,96,88,6.22
757,Saint-Philippe,45.36,38.05,55,90,9.17
758,Longyearbyen,78.22,12.2,72,20,3.36
759,Hobart,-42.88,51.08,58,75,23.04
760,Puerto Colombia,10.99,82.22,88,75,11.41
761,Puerto Ayora,-0.74,69.01,92,5,4.0
762,Nagybajom,46.39,48.2,100,75,5.82
763,Hamilton,43.26,37.96,93,90,4.7
764,Kapaa,22.08,82.44,65,40,17.22
765,Port Elizabeth,39.31,40.06,80,1,3.22
766,Jamestown,-33.21,65.84,41,28,16.15
767,Nipawin,53.36,8.6,78,75,8.05
768,East London,-33.02,65.8,79,100,15.05
769,Guarapari,-20.67,77.0,83,90,12.75
770,Vanavara,60.35,11.55,91,3,3.38
771,Katsuura,33.93,59.99,62,75,4.7
772,Dikson,73.51,-11.64,93,1,11.81
773,Port Keats,-14.25,95.45,41,14,10.13
774,Vaini,15.34,66.2,100,40,1.25
775,Bluff,-23.58,88.39,19,0,3.22
776,Goderich,43.74,35.22,82,99,4.0
777,Punta Arenas,-53.16,37.22,68,75,33.33
778,Zyryanka,65.73,5.29,93,100,11.63
779,Tucumcari,35.17,56.12,51,90,8.05
780,Mataura,-46.19,66.67,69,100,2.68
781,Port Alfred,-33.59,62.01,88,100,5.01
782,Kruisfontein,-34.0,56.61,80,97,24.83
783,Marzuq,14.4,59.23,37,0,1.57
784,Tiksi,71.64,-12.39,99,89,3.53
785,Rikitea,-23.12,77.59,72,0,3.76
786,Chokurdakh,70.62,10.81,96,99,4.07
787,Jahanabad,33.86,42.8,36,0,2.13
788,Mataura,-46.19,66.67,69,100,2.68
789,Severo-Kurilsk,50.68,36.81,78,39,14.81
790,Sioux Lookout,50.1,13.3,78,20,6.93
791,Rikitea,-23.12,77.59,72,0,3.76
792,Hambantota,6.12,79.92,75,73,6.51
793,Punta Arenas,-53.16,37.22,68,75,33.33
794,Batticaloa,7.71,81.23,75,83,2.82
795,Punta Arenas,-53.16,37.22,68,75,33.33
796,Lompoc,34.64,55.8,76,1,5.82
797,Lombardia,4.81,69.6,88,40,11.41
798,Cidreira,-30.17,67.59,77,31,25.19
799,Russkaya Polyana,53.78,34.54,89,99,13.0
800,Tessalit,20.2,73.42,21,0,5.66
801,Ushuaia,-54.81,33.8,98,90,32.21
802,Dikson,73.51,-11.64,93,1,11.81
803,Butaritari,3.07,84.61,74,68,10.22
804,Ushuaia,-54.81,33.8,98,90,32.21
805,Ituacu,-13.81,71.73,57,0,4.09
806,Maine-Soroa,13.21,78.64,15,0,7.11
807,Mataura,-46.19,66.67,69,100,2.68
808,Luderitz,-26.65,60.8,67,0,16.11
809,Ancud,-41.87,46.36,81,100,6.06
810,Ushuaia,-54.81,33.8,98,90,32.21
811,Adrar,27.87,62.6,33,0,11.41
812,New Norfolk,-42.78,51.1,58,75,23.04
813,Somerset East,-32.72,49.48,92,89,5.01
814,Tuatapere,-46.13,66.04,36,100,6.96
815,Mataura,-46.19,66.67,69,100,2.68
816,Khatanga,71.98,-8.2,81,47,9.13
817,Chernyshkovskiy,48.42,51.64,62,21,11.01
818,Namibe,-15.19,73.87,80,75,11.01
819,Airai,-8.93,86.16,36,17,8.68
820,Gorontalo,0.54,86.99,51,98,6.69
821,Muros,42.77,50.88,100,40,3.36
822,Hilo,19.71,73.83,66,1,6.93
823,Saint-Philippe,45.36,38.05,55,90,9.17
824,Nedryhayliv,50.83,45.63,90,100,4.83
825,Saint-Philippe,45.36,38.05,55,90,9.17
826,Hilo,19.71,73.83,66,1,6.93
827,Ayolas,-27.39,70.59,90,24,6.08
828,Kawalu,-7.38,85.6,33,18,4.43
829,Rikitea,-23.12,77.59,72,0,3.76
830,Busselton,-33.64,70.95,34,0,4.12
831,Yellowknife,62.45,7.92,92,20,4.7
832,Ternate,14.29,85.05,74,75,5.82
833,Butaritari,3.07,84.61,74,68,10.22
834,Lagoa,37.14,59.0,87,20,5.82
835,Lebu,8.96,53.6,66,20,3.36
836,Virginia Beach,36.85,44.46,93,1,10.0
837,New Norfolk,-42.78,51.1,58,75,23.04
838,Hermanus,-34.42,56.79,69,99,11.99
839,Flin Flon,54.77,13.17,85,100,4.56
840,Balvi,57.13,33.96,97,100,7.54
841,Benicarlo,40.42,39.79,68,0,1.01
842,New Norfolk,-42.78,51.1,58,75,23.04
843,Ushuaia,-54.81,33.8,98,90,32.21
844,Ancud,-41.87,46.36,81,100,6.06
845,Port Hardy,50.7,48.2,87,90,2.66
846,Nantucket,41.28,39.92,70,1,5.82
847,Honiara,-9.43,87.8,70,40,6.93
848,Jamestown,-33.21,65.84,41,28,16.15
849,Viedma,-40.81,63.18,47,99,19.69
850,Bambanglipuro,-7.95,85.01,50,5,9.01
851,Cockburn Town,21.46,82.04,80,25,16.87
852,Butaritari,3.07,84.61,74,68,10.22
853,Balkhash,46.84,31.12,94,100,13.4
854,Nanortalik,60.14,34.32,69,100,22.5
855,Rio Pomba,-21.28,69.15,95,100,2.01
856,Mar Del Plata,-46.43,49.62,31,0,33.98
857,Channel-Port Aux Basques,47.57,38.8,57,100,38.03
858,Khatanga,71.98,-8.2,81,47,9.13
859,Marumori,37.9,53.6,66,75,1.12
860,Halifax,44.65,39.4,60,5,17.22
861,Hilo,19.71,73.83,66,1,6.93
862,Tamandare,-8.28,73.13,99,97,4.36
863,Cape Town,-33.93,58.24,62,75,4.7
864,Dinguiraye,11.29,74.48,72,53,1.74
865,East London,-33.02,65.8,79,100,15.05
866,Coquimbo,-29.95,55.4,87,0,2.24
867,Lebu,8.96,53.6,66,20,3.36
868,Roma,41.89,52.41,82,40,4.7
869,Beipiao,41.8,37.85,20,0,12.75
870,Port Elizabeth,39.31,40.06,80,1,3.22
871,Albany,42.65,32.49,59,90,3.36
872,Anaconda,46.13,25.72,68,1,4.7
873,Hithadhoo,-0.6,82.45,68,100,6.02
874,Katsuura,33.93,59.99,62,75,4.7
875,Longyearbyen,78.22,12.2,72,20,3.36
876,Amahai,-3.31,80.04,71,32,0.43
877,Sampit,-2.54,93.24,41,96,4.79
878,Bredasdorp,-34.53,57.29,54,23,17.22
879,Khatanga,71.98,-8.2,81,47,9.13
880,Nanortalik,60.14,34.32,69,100,22.5
881,Hasaki,35.73,65.01,63,20,10.29
882,Busselton,-33.64,70.95,34,0,4.12
883,Castro,-42.48,35.46,97,97,1.81
884,Coihaique,-45.58,44.6,56,75,9.17
885,Gold Coast,-28.0,91.92,20,0,8.01
886,Okitipupa,6.5,74.14,98,32,1.43
887,Longyearbyen,78.22,12.2,72,20,3.36
888,Yar-Sale,66.83,3.43,96,8,8.3
889,Longyearbyen,78.22,12.2,72,20,3.36
890,Takoradi,4.89,77.77,89,22,4.41
891,Rikitea,-23.12,77.59,72,0,3.76
892,Mataura,-46.19,66.67,69,100,2.68
893,Burnie,-41.05,51.62,71,64,5.99
894,Anadyr,64.73,21.09,79,0,6.71
895,Maragogi,-9.01,78.94,74,79,12.12
896,Novo Aripuana,-5.12,80.49,66,93,2.17
897,Kodiak,39.95,36.57,64,90,23.04
898,Nuevitas,21.55,77.0,94,19,5.82
899,Kidal,18.44,76.19,19,0,7.07
900,Bredasdorp,-34.53,57.29,54,23,17.22
901,Sturgeon Falls,46.36,28.36,86,90,14.99
902,Novoagansk,61.94,35.38,99,100,12.53
903,Vaini,15.34,66.2,100,40,1.25
904,San Quintin,17.54,84.61,75,6,3.89
905,Bluff,-23.58,88.39,19,0,3.22
906,Mataura,-46.19,66.67,69,100,2.68
907,Khatanga,71.98,-8.2,81,47,9.13
908,Ushuaia,-54.81,33.8,98,90,32.21
909,Busselton,-33.64,70.95,34,0,4.12
910,Avarua,-21.21,77.0,78,10,9.17
911,Whitianga,-36.83,78.01,66,29,1.99
912,New Norfolk,-42.78,51.1,58,75,23.04
913,Iqaluit,63.75,6.42,71,20,8.05
914,Taltal,-25.41,53.85,80,0,1.05
915,Tsagan Aman,47.57,48.96,90,42,10.29
916,Port Alfred,-33.59,62.01,88,100,5.01
917,Hermanus,-34.42,56.79,69,99,11.99
918,Punta Arenas,-53.16,37.22,68,75,33.33
919,Hasaki,35.73,65.01,63,20,10.29
920,Provideniya,64.42,30.2,58,0,11.18
921,Busselton,-33.64,70.95,34,0,4.12
922,Talnakh,69.49,14.0,85,75,15.66
923,Komsomolets,52.77,53.96,89,100,14.25
924,Gat,14.69,73.4,78,86,19.46
925,Talnakh,69.49,14.0,85,75,15.66
926,Bambous Virieux,-20.34,73.71,83,75,9.17
927,Ewa Beach,21.32,82.81,55,75,12.75
928,Husavik,50.56,12.13,73,5,7.87
929,Albany,42.65,32.49,59,90,3.36
930,Kropotkin,45.43,54.03,59,1,6.13
931,Matay,28.42,62.11,95,0,6.13
932,Ushuaia,-54.81,33.8,98,90,32.21
933,Castro,-42.48,35.46,97,97,1.81
934,Sweetwater,32.47,64.58,100,75,6.71
935,Jamestown,-33.21,65.84,41,28,16.15
936,Busselton,-33.64,70.95,34,0,4.12
937,Hermanus,-34.42,56.79,69,99,11.99
938,At-Bashi,41.17,9.37,68,0,1.07
939,Busselton,-33.64,70.95,34,0,4.12
940,Vaini,15.34,66.2,100,40,1.25
941,Deputatskiy,69.3,-0.98,96,96,4.92
942,Rolla,37.95,50.32,93,75,4.7
943,Puerto Ayora,-0.74,69.01,92,5,4.0
944,Kutum,14.2,64.53,27,0,2.68
945,Mataura,-46.19,66.67,69,100,2.68
946,Kapaa,22.08,82.44,65,40,17.22
947,Green Valley,40.41,41.0,87,90,14.99
948,Kalmunai,7.42,79.38,80,71,5.23
949,Mataura,-46.19,66.67,69,100,2.68
950,Albany,42.65,32.49,59,90,3.36
951,Ushuaia,-54.81,33.8,98,90,32.21
952,Kapaa,22.08,82.44,65,40,17.22
953,Dikson,73.51,-11.64,93,1,11.81
954,Mayskiy,43.63,42.24,48,0,2.24
955,Bambous Virieux,-20.34,73.71,83,75,9.17
956,Atuona,-9.8,80.31,77,100,17.25
957,Lagoa,37.14,59.0,87,20,5.82
958,Dikson,73.51,-11.64,93,1,11.81
959,Mataura,-46.19,66.67,69,100,2.68
960,Ushuaia,-54.81,33.8,98,90,32.21
961,Rikitea,-23.12,77.59,72,0,3.76
962,Goiatuba,-18.02,72.55,89,98,2.91
963,Carnarvon,-30.97,44.56,71,0,14.79
964,Mahebourg,-20.41,73.71,83,75,9.17
965,Atuona,-9.8,80.31,77,100,17.25
966,Avarua,-21.21,77.0,78,10,9.17
967,Kuytun,54.34,32.04,76,100,7.34
968,Ilulissat,69.22,26.6,58,97,1.12
969,Atuona,-9.8,80.31,77,100,17.25
970,Harper,30.3,67.57,88,1,13.44
971,Bandarbeyla,9.49,81.25,73,89,6.6
972,Ca Mau,9.18,83.23,83,47,5.73
973,Albany,42.65,32.49,59,90,3.36
974,Kaitangata,-46.28,61.0,73,67,8.01
975,Grand-Lahou,5.24,81.48,79,100,6.08
976,Rikitea,-23.12,77.59,72,0,3.76
977,Ponta Do Sol,-20.63,68.22,95,97,5.35
978,Tasiilaq,65.61,24.8,68,100,5.82
979,Pevek,69.7,25.52,74,57,8.39
980,Meulaboh,4.14,80.62,79,83,9.51
981,Westport,41.14,40.55,52,1,7.74
982,Farkhor,37.49,43.7,93,75,2.24
983,Lompoc,34.64,55.8,76,1,5.82
984,New Norfolk,-42.78,51.1,58,75,23.04
985,Taoudenni,22.68,70.45,28,0,5.68
986,Mount Gambier,-37.83,57.2,87,90,20.8
987,Puerto Madryn,-42.77,56.68,21,15,20.98
988,Lac Du Bonnet,50.25,10.0,73,52,5.32
989,Novyy Urengoy,66.08,8.71,91,100,3.8
990,Fort Nelson,58.81,14.0,85,75,2.24
991,Hithadhoo,-0.6,82.45,68,100,6.02
992,Hualmay,-11.1,59.85,85,5,2.17
993,Rikitea,-23.12,77.59,72,0,3.76
994,Busselton,-33.64,70.95,34,0,4.12
995,Butaritari,3.07,84.61,74,68,10.22
996,Noumea,-22.28,80.31,44,0,11.41
997,Mataura,-46.19,66.67,69,100,2.68
998,Punta Arenas,-53.16,37.22,68,75,33.33
999,Albany,42.65,32.49,59,90,3.36
1000,Mataura,-46.19,66.67,69,100,2.68
1001,Kavieng,-2.57,83.86,76,100,15.88
1002,Rikitea,-23.12,77.59,72,0,3.76
1003,Evensk,61.92,27.3,91,100,18.28
1004,Oistins,13.07,84.2,70,40,26.4
1005,Saint-Philippe,45.36,38.05,55,90,9.17
1006,Punta Arenas,-53.16,37.22,68,75,33.33
1007,Avarua,-21.21,77.0,78,10,9.17
1008,Lagoa,37.14,59.0,87,20,5.82
1009,Kruisfontein,-34.0,56.61,80,97,24.83
1010,San Pedro,-33.68,66.22,74,29,3.0
1011,Bathsheba,13.22,84.2,70,40,26.4
1012,Mar Del Plata,-46.43,49.62,31,0,33.98
1013,Busselton,-33.64,70.95,34,0,4.12
1014,Mataura,-46.19,66.67,69,100,2.68
1015,Atuona,-9.8,80.31,77,100,17.25
1016,Rikitea,-23.12,77.59,72,0,3.76
1017,Busselton,-33.64,70.95,34,0,4.12
1018,Reconquista,-29.14,66.87,74,1,8.08
1019,Upernavik,72.79,24.15,93,100,3.69
1020,Qaanaaq,77.48,-0.01,57,14,6.51
1021,Jalingo,10.3,71.2,44,0,2.17
1022,Zhezkazgan,47.8,30.2,74,90,11.18
1023,Fairbanks,64.84,26.92,86,90,3.36
1024,Bluff,-23.58,88.39,19,0,3.22
1025,Careiro Da Varzea,-3.2,83.19,70,20,3.36
1026,Kitimat,54.02,41.0,65,90,9.17
1027,Hobart,-42.88,51.08,58,75,23.04
1028,Punta Arenas,-53.16,37.22,68,75,33.33
1029,Upernavik,72.79,24.15,93,100,3.69
1030,Cape Town,-33.93,58.24,62,75,4.7
1031,Torrington,42.06,22.39,100,90,8.05
1032,Hasaki,35.73,65.01,63,20,10.29
1033,Nanortalik,60.14,34.32,69,100,22.5
1034,Mataura,-46.19,66.67,69,100,2.68
1035,Bandarbeyla,9.49,81.25,73,89,6.6
1036,Kaitangata,-46.28,61.0,73,67,8.01
1037,Hermanus,-34.42,56.79,69,99,11.99
1038,Qaanaaq,77.48,-0.01,57,14,6.51
1039,Jamestown,-33.21,65.84,41,28,16.15
1040,Constitucion,23.99,63.52,59,90,9.17
1041,Chupa,-15.11,42.31,83,100,3.8
1042,Maiduguri,11.84,77.65,18,0,5.41
1043,Ponta Do Sol,-20.63,68.22,95,97,5.35
1044,Sitka,37.17,47.73,60,100,23.73
1045,Ushuaia,-54.81,33.8,98,90,32.21
1046,Gusinoye Ozero,51.11,31.57,57,0,2.73
1047,Nikolskoye,59.7,24.46,73,100,11.18
1048,Ushuaia,-54.81,33.8,98,90,32.21
1049,Qaanaaq,77.48,-0.01,57,14,6.51
1050,Dong Xoai,11.53,84.88,67,100,1.95
1051,Beaverlodge,55.21,8.6,84,75,4.7
1052,Upernavik,72.79,24.15,93,100,3.69
1053,Hobart,-42.88,51.08,58,75,23.04
1054,Sakaiminato,35.55,59.97,62,75,3.36
1055,Qaanaaq,77.48,-0.01,57,14,6.51
1056,Half Moon Bay,37.46,55.67,93,90,8.05
1057,Katsuura,33.93,59.99,62,75,4.7
1058,Busselton,-33.64,70.95,34,0,4.12
1059,Atuona,-9.8,80.31,77,100,17.25
1060,Yenotayevka,47.24,48.69,93,0,9.22
1061,Rikitea,-23.12,77.59,72,0,3.76
1062,Avarua,-21.21,77.0,78,10,9.17
1063,Mataura,-46.19,66.67,69,100,2.68
1064,Punta Arenas,-53.16,37.22,68,75,33.33
1065,Punta Arenas,-53.16,37.22,68,75,33.33
1066,Santa Maria,-16.02,71.87,78,20,2.24
1067,Kamaishi,39.28,48.2,81,75,1.12
1068,Tasiilaq,65.61,24.8,68,100,5.82
1069,Hilo,19.71,73.83,66,1,6.93
1070,Longyearbyen,78.22,12.2,72,20,3.36
1071,Mataura,-46.19,66.67,69,100,2.68
1072,Mataura,-46.19,66.67,69,100,2.68
1073,Souillac,45.6,53.42,87,90,16.11
1074,Bethel,60.79,34.39,90,90,12.75
1075,Biak,-0.91,81.77,72,100,14.03
1076,Puerto Ayora,-0.74,69.01,92,5,4.0
1077,Mataura,-46.19,66.67,69,100,2.68
1078,Hobart,-42.88,51.08,58,75,23.04
1079,Buchanan,5.88,77.0,94,75,1.52
1080,Vaini,15.34,66.2,100,40,1.25
1081,Georgetown,6.8,79.47,83,40,9.17
1082,Mataura,-46.19,66.67,69,100,2.68
1083,Hermanus,-34.42,56.79,69,99,11.99
1084,Hilo,19.71,73.83,66,1,6.93
1085,Koulamoutou,-1.13,69.87,98,100,0.89
1086,Ushuaia,-54.81,33.8,98,90,32.21
1087,Tasiilaq,65.61,24.8,68,100,5.82
1088,Luwuk,-0.95,81.77,72,100,14.03
1089,Baherden,38.44,38.75,20,0,9.26
1090,Hasaki,35.73,65.01,63,20,10.29
1091,Alice Springs,-23.7,89.6,8,1,12.75
1092,Davila,18.47,78.8,88,75,2.24
1093,Batemans Bay,-35.71,65.91,30,0,13.0
1094,Bluff,-23.58,88.39,19,0,3.22
1095,Puerto Ayora,-0.74,69.01,92,5,4.0
1096,Butaritari,3.07,84.61,74,68,10.22
1097,Kaeo,-35.1,75.0,68,51,8.99
1098,Bluff,-23.58,88.39,19,0,3.22
1099,Ostrovnoy,68.05,17.17,93,89,4.54
1100,Half Moon Bay,37.46,55.67,93,90,8.05
1101,Bereda,43.27,50.31,71,75,11.41
1102,Dicamay,16.76,81.43,81,99,3.83
1103,Ushuaia,-54.81,33.8,98,90,32.21
1104,Vaini,15.34,66.2,100,40,1.25
1105,Bend,44.06,40.01,79,1,3.36
1106,Busselton,-33.64,70.95,34,0,4.12
1107,Vaini,15.34,66.2,100,40,1.25
1108,Sitka,37.17,47.73,60,100,23.73
1109,La Ronge,55.1,15.8,61,90,8.05
1110,Ushuaia,-54.81,33.8,98,90,32.21
1111,Kapaa,22.08,82.44,65,40,17.22
1112,Rikitea,-23.12,77.59,72,0,3.76
1113,Narsaq,60.91,26.6,58,68,3.36
1114,Ponta Do Sol,-20.63,68.22,95,97,5.35
1115,Dunedin,-45.87,61.0,75,65,14.0
1116,Hobart,-42.88,51.08,58,75,23.04
1117,Namibe,-15.19,73.87,80,75,11.01
1118,Bredasdorp,-34.53,57.29,54,23,17.22
1119,Saint-Philippe,45.36,38.05,55,90,9.17
1120,Rikitea,-23.12,77.59,72,0,3.76
1121,Texarkana,33.44,63.41,82,1,5.82
1122,Bethel,60.79,34.39,90,90,12.75
1123,Fortuna,40.6,48.67,100,90,3.36
1124,Atuona,-9.8,80.31,77,100,17.25
1125,Pisco,-13.71,63.28,88,0,14.99
1126,Port Alfred,-33.59,62.01,88,100,5.01
1127,San Gabriel,34.1,62.1,68,1,4.7
1128,Port Blair,11.67,82.6,82,100,17.52
1129,Ushuaia,-54.81,33.8,98,90,32.21
1130,Komsomolskiy,67.55,5.25,96,88,6.22
1131,Kapaa,22.08,82.44,65,40,17.22
1132,Mataura,-46.19,66.67,69,100,2.68
1133,Provideniya,64.42,30.2,58,0,11.18
1134,Laguna,16.17,77.0,94,20,2.01
1135,Ilulissat,69.22,26.6,58,97,1.12
1136,Laguna,16.17,77.0,94,20,2.01
1137,Kapaa,22.08,82.44,65,40,17.22
1138,Bredasdorp,-34.53,57.29,54,23,17.22
1139,Ushuaia,-54.81,33.8,98,90,32.21
1140,Chuy,-33.69,59.4,74,97,6.98
1141,Puerto Ayora,-0.74,69.01,92,5,4.0
1142,Banjar,-7.37,91.96,38,17,2.28
1143,Gamba,28.28,30.0,40,1,3.8
1144,Avarua,-21.21,77.0,78,10,9.17
1145,Busselton,-33.64,70.95,34,0,4.12
1146,Ushuaia,-54.81,33.8,98,90,32.21
1147,Hermanus,-34.42,56.79,69,99,11.99
1148,Antalaha,-14.9,78.31,78,100,16.15
1149,Ponta Do Sol,-20.63,68.22,95,97,5.35
1150,Talnakh,69.49,14.0,85,75,15.66
1151,Butaritari,3.07,84.61,74,68,10.22
1152,Kon Tum,14.36,78.42,56,100,2.33
1153,Nalut,31.86,59.04,83,52,16.08
1154,Torbay,47.66,42.67,81,20,29.97
1155,Maceio,-9.67,73.4,88,98,4.7
1156,Georgetown,6.8,79.47,83,40,9.17
1157,Yellowknife,62.45,7.92,92,20,4.7
1158,Kattivakkam,13.22,79.52,94,20,2.24
1159,Puerto Ayora,-0.74,69.01,92,5,4.0
1160,Lethem,3.38,82.89,62,31,6.96
1161,Sakaiminato,35.55,59.97,62,75,3.36
1162,Cidreira,-30.17,67.59,77,31,25.19
1163,Katsuura,33.93,59.99,62,75,4.7
1164,Necochea,-38.55,70.0,65,16,3.0
1165,Holme,56.11,34.86,93,100,5.88
1166,Hilo,19.71,73.83,66,1,6.93
1167,Avarua,-21.21,77.0,78,10,9.17
1168,New Norfolk,-42.78,51.1,58,75,23.04
1169,Saint-Pierre,48.95,47.12,100,90,11.41
1170,Ancud,-41.87,46.36,81,100,6.06
1171,Mataura,-46.19,66.67,69,100,2.68
1172,Mataura,-46.19,66.67,69,100,2.68
1173,Georgetown,6.8,79.47,83,40,9.17
1174,Punta Arenas,-53.16,37.22,68,75,33.33
1175,Kundiawa,-6.02,66.11,79,88,2.01
1176,Bambous Virieux,-20.34,73.71,83,75,9.17
1177,Lebu,8.96,53.6,66,20,3.36
1178,Cape Town,-33.93,58.24,62,75,4.7
1179,Tura,64.27,-7.64,95,31,2.71
1180,Vaini,15.34,66.2,100,40,1.25
1181,Bataipora,-22.3,73.11,96,100,3.69
1182,Saurimo,-9.66,63.09,92,56,3.24
1183,Punta Arenas,-53.16,37.22,68,75,33.33
1184,Naze,5.43,74.1,97,100,2.64
1185,Carnarvon,-30.97,44.56,71,0,14.79
1186,Albany,42.65,32.49,59,90,3.36
1187,Vaini,15.34,66.2,100,40,1.25
1188,Tutoia,-2.76,73.15,91,0,3.24
1189,Bintulu,3.17,80.22,88,75,3.36
1190,Ushuaia,-54.81,33.8,98,90,32.21
1191,Madison Heights,42.49,36.37,55,40,5.57
1192,East London,-33.02,65.8,79,100,15.05
1193,Keti Bandar,24.14,78.08,28,0,10.25
1194,Hermanus,-34.42,56.79,69,99,11.99
1195,Butaritari,3.07,84.61,74,68,10.22
1196,Havre-Saint-Pierre,50.23,26.6,49,1,21.92
1197,Bluff,-23.58,88.39,19,0,3.22
1198,Busselton,-33.64,70.95,34,0,4.12
1199,Ixtapa,20.71,81.36,83,90,6.93
1200,Kahului,20.89,78.58,69,75,20.8
1201,Lebu,8.96,53.6,66,20,3.36
1202,Cabedelo,-6.97,77.0,83,75,5.82
1203,Inverell,-29.78,84.7,18,0,5.99
1204,Cidreira,-30.17,67.59,77,31,25.19
1205,Vaini,15.34,66.2,100,40,1.25
1206,Nikolskoye,59.7,24.46,73,100,11.18
1207,Ushuaia,-54.81,33.8,98,90,32.21
1208,Tasiilaq,65.61,24.8,68,100,5.82
1209,Cidreira,-30.17,67.59,77,31,25.19
1210,Esperance,-33.86,60.8,67,90,12.75
1211,Port Elizabeth,39.31,40.06,80,1,3.22
1212,Hobart,-42.88,51.08,58,75,23.04
1213,Birjand,32.86,28.4,19,0,11.41
1214,Port Elizabeth,39.31,40.06,80,1,3.22
1215,Jorochito,-18.06,73.4,94,75,4.36
1216,Kaitangata,-46.28,61.0,73,67,8.01
1217,Saint-Leu,-21.15,67.44,60,85,3.36
1218,Nipawin,53.36,8.6,78,75,8.05
1219,Balakhninskiy,58.01,6.66,93,100,2.13
1220,Illapel,-31.63,54.73,52,0,2.64
1221,Mataura,-46.19,66.67,69,100,2.68
1222,Ushuaia,-54.81,33.8,98,90,32.21
1223,Jamestown,-33.21,65.84,41,28,16.15
1224,Vaini,15.34,66.2,100,40,1.25
1225,Kapaa,22.08,82.44,65,40,17.22
1226,Jamestown,-33.21,65.84,41,28,16.15
1227,Kapaa,22.08,82.44,65,40,17.22
1228,Komsomolskiy,67.55,5.25,96,88,6.22
1229,Hilo,19.71,73.83,66,1,6.93
1230,Arraial Do Cabo,-22.97,72.39,85,100,7.49
1231,Kinlochleven,56.71,41.4,85,100,6.51
1232,North Platte,41.12,23.43,86,90,11.41
1233,Hobart,-42.88,51.08,58,75,23.04
1234,Namibe,-15.19,73.87,80,75,11.01
1235,Faanui,-16.48,80.83,81,3,16.42
1236,Ushuaia,-54.81,33.8,98,90,32.21
1237,Olinda,-37.84,57.74,48,90,25.28
1238,Saint-Philippe,45.36,38.05,55,90,9.17
1239,Hilo,19.71,73.83,66,1,6.93
1240,Albany,42.65,32.49,59,90,3.36
1241,Busselton,-33.64,70.95,34,0,4.12
1242,Soc Trang,9.6,84.2,79,40,1.12
1243,Avarua,-21.21,77.0,78,10,9.17
1244,Hermanus,-34.42,56.79,69,99,11.99
1245,Sunland Park,31.8,60.35,67,1,17.22
1246,Albany,42.65,32.49,59,90,3.36
1247,Vaini,15.34,66.2,100,40,1.25
1248,Barrow,-38.31,61.7,39,20,10.11
1249,Rikitea,-23.12,77.59,72,0,3.76
1250,Ayan,38.23,30.61,36,0,0.94
1251,Ushuaia,-54.81,33.8,98,90,32.21
1252,Werota,11.92,67.42,64,95,10.96
1253,Mar Del Plata,-46.43,49.62,31,0,33.98
1254,Hualmay,-11.1,59.85,85,5,2.17
1255,Saint-Louis,16.03,73.4,83,52,6.93
1256,Qaanaaq,77.48,-0.01,57,14,6.51
1257,Vaitape,-16.52,80.83,81,3,16.42
1258,Ancud,-41.87,46.36,81,100,6.06
1259,East London,-33.02,65.8,79,100,15.05
1260,Raudeberg,61.99,30.42,61,60,8.05
1261,Verkhnyaya Inta,65.99,5.43,97,99,3.33
1262,Bluff,-23.58,88.39,19,0,3.22
1263,Tuktoyaktuk,69.44,23.0,92,90,6.93
1264,Hermanus,-34.42,56.79,69,99,11.99
1265,Carnarvon,-30.97,44.56,71,0,14.79
1266,Bluff,-23.58,88.39,19,0,3.22
1267,Qaanaaq,77.48,-0.01,57,14,6.51
1268,Hilo,19.71,73.83,66,1,6.93
1269,Ushuaia,-54.81,33.8,98,90,32.21
1270,Puerto Ayora,-0.74,69.01,92,5,4.0
1271,Husavik,50.56,12.13,73,5,7.87
1272,Atuona,-9.8,80.31,77,100,17.25
1273,Pevek,69.7,25.52,74,57,8.39
1274,Busselton,-33.64,70.95,34,0,4.12
1275,Albany,42.65,32.49,59,90,3.36
1276,Carnarvon,-30.97,44.56,71,0,14.79
1277,Kapaa,22.08,82.44,65,40,17.22
1278,Bredasdorp,-34.53,57.29,54,23,17.22
1279,San Quintin,17.54,84.61,75,6,3.89
1280,Upernavik,72.79,24.15,93,100,3.69
1281,Sao Felix Do Xingu,-6.64,71.92,97,100,3.18
1282,Cherskiy,68.75,27.84,74,100,10.94
1283,Albany,42.65,32.49,59,90,3.36
1284,Mar Del Plata,-46.43,49.62,31,0,33.98
1285,Busselton,-33.64,70.95,34,0,4.12
1286,Puerto Ayora,-0.74,69.01,92,5,4.0
1287,Tual,-5.67,83.12,69,100,1.43
1288,Gat,14.69,73.4,78,86,19.46
1289,Hirata,37.21,62.78,67,40,8.05
1290,Beloha,-25.17,70.72,77,0,7.07
1291,East London,-33.02,65.8,79,100,15.05
1292,Jieshi,22.82,73.0,55,57,3.0
1293,Castro,-42.48,35.46,97,97,1.81
1294,Pevek,69.7,25.52,74,57,8.39
1295,Busselton,-33.64,70.95,34,0,4.12
1296,Ponta Do Sol,-20.63,68.22,95,97,5.35
1297,Tasiilaq,65.61,24.8,68,100,5.82
1298,Vaini,15.34,66.2,100,40,1.25
1299,Punta Arenas,-53.16,37.22,68,75,33.33
1300,Acapulco,16.86,84.2,79,75,9.17
1301,Lutkun,41.48,33.21,37,0,3.33
1302,Teguldet,57.31,30.04,94,100,15.9
1303,Bluff,-23.58,88.39,19,0,3.22
1304,Punta Arenas,-53.16,37.22,68,75,33.33
1305,Paldiski,59.35,30.85,74,75,12.75
1306,Moerai,-22.43,73.27,72,100,9.73
1307,Port Alfred,-33.59,62.01,88,100,5.01
1308,Sainte-Suzanne,47.51,43.81,93,71,6.93
1309,Marsa Matruh,31.35,72.79,65,0,6.6
1310,Saint George,39.45,53.6,93,20,1.03
1311,Vila Franca Do Campo,37.72,62.6,77,75,2.24
1312,Rawson,-43.3,55.09,44,33,27.54
1313,Rikitea,-23.12,77.59,72,0,3.76
1314,Puerto Ayora,-0.74,69.01,92,5,4.0
1315,New Norfolk,-42.78,51.1,58,75,23.04
1316,Puerto Ayora,-0.74,69.01,92,5,4.0
1317,Ushuaia,-54.81,33.8,98,90,32.21
1318,Barrow,-38.31,61.7,39,20,10.11
1319,Port Elizabeth,39.31,40.06,80,1,3.22
1320,Airai,-8.93,86.16,36,17,8.68
1321,Katsuura,33.93,59.99,62,75,4.7
1322,Mongo,-5.62,69.78,98,100,2.21
1323,Zyryanka,65.73,5.29,93,100,11.63
1324,Khani,41.96,53.6,62,0,4.7
1325,Carnarvon,-30.97,44.56,71,0,14.79
1326,Dali,34.79,57.42,60,65,2.01
1327,Lahad Datu,5.02,83.34,71,85,5.93
1328,Cape Town,-33.93,58.24,62,75,4.7
1329,Saint-Joseph,43.56,47.03,81,0,3.36
1330,Emerald,-23.53,89.33,19,0,4.7
1331,Iqaluit,63.75,6.42,71,20,8.05
1332,Lebu,8.96,53.6,66,20,3.36
1333,Morro Bay,35.37,55.72,87,75,2.75
1334,Grand-Lahou,5.24,81.48,79,100,6.08
1335,Hermanus,-34.42,56.79,69,99,11.99
1336,Hithadhoo,-0.6,82.45,68,100,6.02
1337,Ushuaia,-54.81,33.8,98,90,32.21
1338,Busselton,-33.64,70.95,34,0,4.12
1339,Natitingou,10.31,74.19,57,0,3.04
1340,Punta Arenas,-53.16,37.22,68,75,33.33
1341,Diego De Almagro,-26.39,57.83,35,0,2.51
1342,Bethel,60.79,34.39,90,90,12.75
1343,Mataura,-46.19,66.67,69,100,2.68
1344,Leshukonskoye,64.9,16.48,96,82,3.2
1345,Port Alfred,-33.59,62.01,88,100,5.01
1346,Iqaluit,63.75,6.42,71,20,8.05
1347,Rikitea,-23.12,77.59,72,0,3.76
1348,Mataura,-46.19,66.67,69,100,2.68
1349,Castro,-42.48,35.46,97,97,1.81
1350,Archidona,-0.91,60.58,95,87,2.48
1351,Barrow,-38.31,61.7,39,20,10.11
1352,Busselton,-33.64,70.95,34,0,4.12
1353,Mataura,-46.19,66.67,69,100,2.68
1354,Narsaq,60.91,26.6,58,68,3.36
1355,Ancud,-41.87,46.36,81,100,6.06
1356,Lompoc,34.64,55.8,76,1,5.82
1357,Barrow,-38.31,61.7,39,20,10.11
1358,Albany,42.65,32.49,59,90,3.36
1359,Basco,40.33,40.05,69,90,17.22
1360,Nemuro,43.32,39.2,64,100,5.82
1361,Busselton,-33.64,70.95,34,0,4.12
1362,Roald,62.58,24.04,86,86,5.82
1363,Billings,45.79,18.21,79,40,5.82
1364,Klaksvik,62.23,35.6,68,100,9.17
1365,Longyearbyen,78.22,12.2,72,20,3.36
1366,Bluff,-23.58,88.39,19,0,3.22
1367,Hasaki,35.73,65.01,63,20,10.29
1368,Peniche,39.36,58.44,100,75,17.22
1369,San Cristobal,14.68,64.2,95,100,2.08
1370,Kimamba,-6.79,71.04,81,84,3.04
1371,Ponta Do Sol,-20.63,68.22,95,97,5.35
1372,Chokurdakh,70.62,10.81,96,99,4.07
1373,Umm Lajj,25.02,73.69,46,28,2.42
1374,Hilo,19.71,73.83,66,1,6.93
1375,Moose Factory,51.26,15.8,85,1,8.05
1376,Punta Arenas,-53.16,37.22,68,75,33.33
1377,Esmeraldas,-19.76,78.21,65,40,5.82
1378,Castro,-42.48,35.46,97,97,1.81
1379,La Maddalena,39.15,54.91,81,0,3.36
1380,Valparaiso,41.47,40.68,75,90,9.17
